cycle,rrindex
1,0.3911
2,0.57225
3,0.75325
4,0.8741
5,0.9948
